DateKey;Date;Day;DayNumberOfYear;WeekNumberOfYear;Mth;MthNo;Qtr;Yr;Semester
20220101;2022-01-01;Saturday;1;1;Jan;1;1;2022;1
20220102;2022-01-02;Sunday;2;2;Jan;1;1;2022;1
20220103;2022-01-03;Monday;3;2;Jan;1;1;2022;1
20220104;2022-01-04;Tuesday;4;2;Jan;1;1;2022;1
20220105;2022-01-05;Wednesday;5;2;Jan;1;1;2022;1
20220106;2022-01-06;Thursday;6;2;Jan;1;1;2022;1
20220107;2022-01-07;Friday;7;2;Jan;1;1;2022;1
20220108;2022-01-08;Saturday;8;2;Jan;1;1;2022;1
20220109;2022-01-09;Sunday;9;3;Jan;1;1;2022;1
20220110;2022-01-10;Monday;10;3;Jan;1;1;2022;1
20220111;2022-01-11;Tuesday;11;3;Jan;1;1;2022;1
20220112;2022-01-12;Wednesday;12;3;Jan;1;1;2022;1
20220113;2022-01-13;Thursday;13;3;Jan;1;1;2022;1
20220114;2022-01-14;Friday;14;3;Jan;1;1;2022;1
20220115;2022-01-15;Saturday;15;3;Jan;1;1;2022;1
20220116;2022-01-16;Sunday;16;4;Jan;1;1;2022;1
20220117;2022-01-17;Monday;17;4;Jan;1;1;2022;1
20220118;2022-01-18;Tuesday;18;4;Jan;1;1;2022;1
20220119;2022-01-19;Wednesday;19;4;Jan;1;1;2022;1
20220120;2022-01-20;Thursday;20;4;Jan;1;1;2022;1
20220121;2022-01-21;Friday;21;4;Jan;1;1;2022;1
20220122;2022-01-22;Saturday;22;4;Jan;1;1;2022;1
20220123;2022-01-23;Sunday;23;5;Jan;1;1;2022;1
20220124;2022-01-24;Monday;24;5;Jan;1;1;2022;1
20220125;2022-01-25;Tuesday;25;5;Jan;1;1;2022;1
20220126;2022-01-26;Wednesday;26;5;Jan;1;1;2022;1
20220127;2022-01-27;Thursday;27;5;Jan;1;1;2022;1
20220128;2022-01-28;Friday;28;5;Jan;1;1;2022;1
20220129;2022-01-29;Saturday;29;5;Jan;1;1;2022;1
20220130;2022-01-30;Sunday;30;6;Jan;1;1;2022;1
20220131;2022-01-31;Monday;31;6;Jan;1;1;2022;1
20220201;2022-02-01;Tuesday;32;6;Feb;2;1;2022;1
20220202;2022-02-02;Wednesday;33;6;Feb;2;1;2022;1
20220203;2022-02-03;Thursday;34;6;Feb;2;1;2022;1
20220204;2022-02-04;Friday;35;6;Feb;2;1;2022;1
20220205;2022-02-05;Saturday;36;6;Feb;2;1;2022;1
20220206;2022-02-06;Sunday;37;7;Feb;2;1;2022;1
20220207;2022-02-07;Monday;38;7;Feb;2;1;2022;1
20220208;2022-02-08;Tuesday;39;7;Feb;2;1;2022;1
20220209;2022-02-09;Wednesday;40;7;Feb;2;1;2022;1
20220210;2022-02-10;Thursday;41;7;Feb;2;1;2022;1
20220211;2022-02-11;Friday;42;7;Feb;2;1;2022;1
20220212;2022-02-12;Saturday;43;7;Feb;2;1;2022;1
20220213;2022-02-13;Sunday;44;8;Feb;2;1;2022;1
20220214;2022-02-14;Monday;45;8;Feb;2;1;2022;1
20220215;2022-02-15;Tuesday;46;8;Feb;2;1;2022;1
20220216;2022-02-16;Wednesday;47;8;Feb;2;1;2022;1
20220217;2022-02-17;Thursday;48;8;Feb;2;1;2022;1
20220218;2022-02-18;Friday;49;8;Feb;2;1;2022;1
20220219;2022-02-19;Saturday;50;8;Feb;2;1;2022;1
20220220;2022-02-20;Sunday;51;9;Feb;2;1;2022;1
20220221;2022-02-21;Monday;52;9;Feb;2;1;2022;1
20220222;2022-02-22;Tuesday;53;9;Feb;2;1;2022;1
20220223;2022-02-23;Wednesday;54;9;Feb;2;1;2022;1
20220224;2022-02-24;Thursday;55;9;Feb;2;1;2022;1
20220225;2022-02-25;Friday;56;9;Feb;2;1;2022;1
20220226;2022-02-26;Saturday;57;9;Feb;2;1;2022;1
20220227;2022-02-27;Sunday;58;10;Feb;2;1;2022;1
20220228;2022-02-28;Monday;59;10;Feb;2;1;2022;1
20220301;2022-03-01;Tuesday;60;10;Mar;3;1;2022;1
20220302;2022-03-02;Wednesday;61;10;Mar;3;1;2022;1
20220303;2022-03-03;Thursday;62;10;Mar;3;1;2022;1
20220304;2022-03-04;Friday;63;10;Mar;3;1;2022;1
20220305;2022-03-05;Saturday;64;10;Mar;3;1;2022;1
20220306;2022-03-06;Sunday;65;11;Mar;3;1;2022;1
20220307;2022-03-07;Monday;66;11;Mar;3;1;2022;1
20220308;2022-03-08;Tuesday;67;11;Mar;3;1;2022;1
20220309;2022-03-09;Wednesday;68;11;Mar;3;1;2022;1
20220310;2022-03-10;Thursday;69;11;Mar;3;1;2022;1
20220311;2022-03-11;Friday;70;11;Mar;3;1;2022;1
20220312;2022-03-12;Saturday;71;11;Mar;3;1;2022;1
20220313;2022-03-13;Sunday;72;12;Mar;3;1;2022;1
20220314;2022-03-14;Monday;73;12;Mar;3;1;2022;1
20220315;2022-03-15;Tuesday;74;12;Mar;3;1;2022;1
20220316;2022-03-16;Wednesday;75;12;Mar;3;1;2022;1
20220317;2022-03-17;Thursday;76;12;Mar;3;1;2022;1
20220318;2022-03-18;Friday;77;12;Mar;3;1;2022;1
20220319;2022-03-19;Saturday;78;12;Mar;3;1;2022;1
20220320;2022-03-20;Sunday;79;13;Mar;3;1;2022;1
20220321;2022-03-21;Monday;80;13;Mar;3;1;2022;1
20220322;2022-03-22;Tuesday;81;13;Mar;3;1;2022;1
20220323;2022-03-23;Wednesday;82;13;Mar;3;1;2022;1
20220324;2022-03-24;Thursday;83;13;Mar;3;1;2022;1
20220325;2022-03-25;Friday;84;13;Mar;3;1;2022;1
20220326;2022-03-26;Saturday;85;13;Mar;3;1;2022;1
20220327;2022-03-27;Sunday;86;14;Mar;3;1;2022;1
20220328;2022-03-28;Monday;87;14;Mar;3;1;2022;1
20220329;2022-03-29;Tuesday;88;14;Mar;3;1;2022;1
20220330;2022-03-30;Wednesday;89;14;Mar;3;1;2022;1
20220331;2022-03-31;Thursday;90;14;Mar;3;1;2022;1
20220401;2022-04-01;Friday;91;14;Apr;4;2;2022;1
20220402;2022-04-02;Saturday;92;14;Apr;4;2;2022;1
20220403;2022-04-03;Sunday;93;15;Apr;4;2;2022;1
20220404;2022-04-04;Monday;94;15;Apr;4;2;2022;1
20220405;2022-04-05;Tuesday;95;15;Apr;4;2;2022;1
20220406;2022-04-06;Wednesday;96;15;Apr;4;2;2022;1
20220407;2022-04-07;Thursday;97;15;Apr;4;2;2022;1
20220408;2022-04-08;Friday;98;15;Apr;4;2;2022;1
20220409;2022-04-09;Saturday;99;15;Apr;4;2;2022;1
20220410;2022-04-10;Sunday;100;16;Apr;4;2;2022;1
20220411;2022-04-11;Monday;101;16;Apr;4;2;2022;1
20220412;2022-04-12;Tuesday;102;16;Apr;4;2;2022;1
20220413;2022-04-13;Wednesday;103;16;Apr;4;2;2022;1
20220414;2022-04-14;Thursday;104;16;Apr;4;2;2022;1
20220415;2022-04-15;Friday;105;16;Apr;4;2;2022;1
20220416;2022-04-16;Saturday;106;16;Apr;4;2;2022;1
20220417;2022-04-17;Sunday;107;17;Apr;4;2;2022;1
20220418;2022-04-18;Monday;108;17;Apr;4;2;2022;1
20220419;2022-04-19;Tuesday;109;17;Apr;4;2;2022;1
20220420;2022-04-20;Wednesday;110;17;Apr;4;2;2022;1
20220421;2022-04-21;Thursday;111;17;Apr;4;2;2022;1
20220422;2022-04-22;Friday;112;17;Apr;4;2;2022;1
20220423;2022-04-23;Saturday;113;17;Apr;4;2;2022;1
20220424;2022-04-24;Sunday;114;18;Apr;4;2;2022;1
20220425;2022-04-25;Monday;115;18;Apr;4;2;2022;1
20220426;2022-04-26;Tuesday;116;18;Apr;4;2;2022;1
20220427;2022-04-27;Wednesday;117;18;Apr;4;2;2022;1
20220428;2022-04-28;Thursday;118;18;Apr;4;2;2022;1
20220429;2022-04-29;Friday;119;18;Apr;4;2;2022;1
20220430;2022-04-30;Saturday;120;18;Apr;4;2;2022;1
20220501;2022-05-01;Sunday;121;19;May;5;2;2022;1
20220502;2022-05-02;Monday;122;19;May;5;2;2022;1
20220503;2022-05-03;Tuesday;123;19;May;5;2;2022;1
20220504;2022-05-04;Wednesday;124;19;May;5;2;2022;1
20220505;2022-05-05;Thursday;125;19;May;5;2;2022;1
20220506;2022-05-06;Friday;126;19;May;5;2;2022;1
20220507;2022-05-07;Saturday;127;19;May;5;2;2022;1
20220508;2022-05-08;Sunday;128;20;May;5;2;2022;1
20220509;2022-05-09;Monday;129;20;May;5;2;2022;1
20220510;2022-05-10;Tuesday;130;20;May;5;2;2022;1
20220511;2022-05-11;Wednesday;131;20;May;5;2;2022;1
20220512;2022-05-12;Thursday;132;20;May;5;2;2022;1
20220513;2022-05-13;Friday;133;20;May;5;2;2022;1
20220514;2022-05-14;Saturday;134;20;May;5;2;2022;1
20220515;2022-05-15;Sunday;135;21;May;5;2;2022;1
20220516;2022-05-16;Monday;136;21;May;5;2;2022;1
20220517;2022-05-17;Tuesday;137;21;May;5;2;2022;1
20220518;2022-05-18;Wednesday;138;21;May;5;2;2022;1
20220519;2022-05-19;Thursday;139;21;May;5;2;2022;1
20220520;2022-05-20;Friday;140;21;May;5;2;2022;1
20220521;2022-05-21;Saturday;141;21;May;5;2;2022;1
20220522;2022-05-22;Sunday;142;22;May;5;2;2022;1
20220523;2022-05-23;Monday;143;22;May;5;2;2022;1
20220524;2022-05-24;Tuesday;144;22;May;5;2;2022;1
20220525;2022-05-25;Wednesday;145;22;May;5;2;2022;1
20220526;2022-05-26;Thursday;146;22;May;5;2;2022;1
20220527;2022-05-27;Friday;147;22;May;5;2;2022;1
20220528;2022-05-28;Saturday;148;22;May;5;2;2022;1
20220529;2022-05-29;Sunday;149;23;May;5;2;2022;1
20220530;2022-05-30;Monday;150;23;May;5;2;2022;1
20220531;2022-05-31;Tuesday;151;23;May;5;2;2022;1
20220601;2022-06-01;Wednesday;152;23;Jun;6;2;2022;1
20220602;2022-06-02;Thursday;153;23;Jun;6;2;2022;1
20220603;2022-06-03;Friday;154;23;Jun;6;2;2022;1
20220604;2022-06-04;Saturday;155;23;Jun;6;2;2022;1
20220605;2022-06-05;Sunday;156;24;Jun;6;2;2022;1
20220606;2022-06-06;Monday;157;24;Jun;6;2;2022;1
20220607;2022-06-07;Tuesday;158;24;Jun;6;2;2022;1
20220608;2022-06-08;Wednesday;159;24;Jun;6;2;2022;1
20220609;2022-06-09;Thursday;160;24;Jun;6;2;2022;1
20220610;2022-06-10;Friday;161;24;Jun;6;2;2022;1
20220611;2022-06-11;Saturday;162;24;Jun;6;2;2022;1
20220612;2022-06-12;Sunday;163;25;Jun;6;2;2022;1
20220613;2022-06-13;Monday;164;25;Jun;6;2;2022;1
20220614;2022-06-14;Tuesday;165;25;Jun;6;2;2022;1
20220615;2022-06-15;Wednesday;166;25;Jun;6;2;2022;1
20220616;2022-06-16;Thursday;167;25;Jun;6;2;2022;1
20220617;2022-06-17;Friday;168;25;Jun;6;2;2022;1
20220618;2022-06-18;Saturday;169;25;Jun;6;2;2022;1
20220619;2022-06-19;Sunday;170;26;Jun;6;2;2022;1
20220620;2022-06-20;Monday;171;26;Jun;6;2;2022;1
20220621;2022-06-21;Tuesday;172;26;Jun;6;2;2022;1
20220622;2022-06-22;Wednesday;173;26;Jun;6;2;2022;1
20220623;2022-06-23;Thursday;174;26;Jun;6;2;2022;1
20220624;2022-06-24;Friday;175;26;Jun;6;2;2022;1
20220625;2022-06-25;Saturday;176;26;Jun;6;2;2022;1
20220626;2022-06-26;Sunday;177;27;Jun;6;2;2022;1
20220627;2022-06-27;Monday;178;27;Jun;6;2;2022;1
20220628;2022-06-28;Tuesday;179;27;Jun;6;2;2022;1
20220629;2022-06-29;Wednesday;180;27;Jun;6;2;2022;1
20220630;2022-06-30;Thursday;181;27;Jun;6;2;2022;1
20220701;2022-07-01;Friday;182;27;Jul;7;3;2022;2
20220702;2022-07-02;Saturday;183;27;Jul;7;3;2022;2
20220703;2022-07-03;Sunday;184;28;Jul;7;3;2022;2
20220704;2022-07-04;Monday;185;28;Jul;7;3;2022;2
20220705;2022-07-05;Tuesday;186;28;Jul;7;3;2022;2
20220706;2022-07-06;Wednesday;187;28;Jul;7;3;2022;2
20220707;2022-07-07;Thursday;188;28;Jul;7;3;2022;2
20220708;2022-07-08;Friday;189;28;Jul;7;3;2022;2
20220709;2022-07-09;Saturday;190;28;Jul;7;3;2022;2
20220710;2022-07-10;Sunday;191;29;Jul;7;3;2022;2
20220711;2022-07-11;Monday;192;29;Jul;7;3;2022;2
20220712;2022-07-12;Tuesday;193;29;Jul;7;3;2022;2
20220713;2022-07-13;Wednesday;194;29;Jul;7;3;2022;2
20220714;2022-07-14;Thursday;195;29;Jul;7;3;2022;2
20220715;2022-07-15;Friday;196;29;Jul;7;3;2022;2
20220716;2022-07-16;Saturday;197;29;Jul;7;3;2022;2
20220717;2022-07-17;Sunday;198;30;Jul;7;3;2022;2
20220718;2022-07-18;Monday;199;30;Jul;7;3;2022;2
20220719;2022-07-19;Tuesday;200;30;Jul;7;3;2022;2
20220720;2022-07-20;Wednesday;201;30;Jul;7;3;2022;2
20220721;2022-07-21;Thursday;202;30;Jul;7;3;2022;2
20220722;2022-07-22;Friday;203;30;Jul;7;3;2022;2
20220723;2022-07-23;Saturday;204;30;Jul;7;3;2022;2
20220724;2022-07-24;Sunday;205;31;Jul;7;3;2022;2
20220725;2022-07-25;Monday;206;31;Jul;7;3;2022;2
20220726;2022-07-26;Tuesday;207;31;Jul;7;3;2022;2
20220727;2022-07-27;Wednesday;208;31;Jul;7;3;2022;2
20220728;2022-07-28;Thursday;209;31;Jul;7;3;2022;2
20220729;2022-07-29;Friday;210;31;Jul;7;3;2022;2
20220730;2022-07-30;Saturday;211;31;Jul;7;3;2022;2
20220731;2022-07-31;Sunday;212;32;Jul;7;3;2022;2
20220801;2022-08-01;Monday;213;32;Aug;8;3;2022;2
20220802;2022-08-02;Tuesday;214;32;Aug;8;3;2022;2
20220803;2022-08-03;Wednesday;215;32;Aug;8;3;2022;2
20220804;2022-08-04;Thursday;216;32;Aug;8;3;2022;2
20220805;2022-08-05;Friday;217;32;Aug;8;3;2022;2
20220806;2022-08-06;Saturday;218;32;Aug;8;3;2022;2
20220807;2022-08-07;Sunday;219;33;Aug;8;3;2022;2
20220808;2022-08-08;Monday;220;33;Aug;8;3;2022;2
20220809;2022-08-09;Tuesday;221;33;Aug;8;3;2022;2
20220810;2022-08-10;Wednesday;222;33;Aug;8;3;2022;2
20220811;2022-08-11;Thursday;223;33;Aug;8;3;2022;2
20220812;2022-08-12;Friday;224;33;Aug;8;3;2022;2
20220813;2022-08-13;Saturday;225;33;Aug;8;3;2022;2
20220814;2022-08-14;Sunday;226;34;Aug;8;3;2022;2
20220815;2022-08-15;Monday;227;34;Aug;8;3;2022;2
20220816;2022-08-16;Tuesday;228;34;Aug;8;3;2022;2
20220817;2022-08-17;Wednesday;229;34;Aug;8;3;2022;2
20220818;2022-08-18;Thursday;230;34;Aug;8;3;2022;2
20220819;2022-08-19;Friday;231;34;Aug;8;3;2022;2
20220820;2022-08-20;Saturday;232;34;Aug;8;3;2022;2
20220821;2022-08-21;Sunday;233;35;Aug;8;3;2022;2
20220822;2022-08-22;Monday;234;35;Aug;8;3;2022;2
20220823;2022-08-23;Tuesday;235;35;Aug;8;3;2022;2
20220824;2022-08-24;Wednesday;236;35;Aug;8;3;2022;2
20220825;2022-08-25;Thursday;237;35;Aug;8;3;2022;2
20220826;2022-08-26;Friday;238;35;Aug;8;3;2022;2
20220827;2022-08-27;Saturday;239;35;Aug;8;3;2022;2
20220828;2022-08-28;Sunday;240;36;Aug;8;3;2022;2
20220829;2022-08-29;Monday;241;36;Aug;8;3;2022;2
20220830;2022-08-30;Tuesday;242;36;Aug;8;3;2022;2
20220831;2022-08-31;Wednesday;243;36;Aug;8;3;2022;2
20220901;2022-09-01;Thursday;244;36;Sep;9;3;2022;2
20220902;2022-09-02;Friday;245;36;Sep;9;3;2022;2
20220903;2022-09-03;Saturday;246;36;Sep;9;3;2022;2
20220904;2022-09-04;Sunday;247;37;Sep;9;3;2022;2
20220905;2022-09-05;Monday;248;37;Sep;9;3;2022;2
20220906;2022-09-06;Tuesday;249;37;Sep;9;3;2022;2
20220907;2022-09-07;Wednesday;250;37;Sep;9;3;2022;2
20220908;2022-09-08;Thursday;251;37;Sep;9;3;2022;2
20220909;2022-09-09;Friday;252;37;Sep;9;3;2022;2
20220910;2022-09-10;Saturday;253;37;Sep;9;3;2022;2
20220911;2022-09-11;Sunday;254;38;Sep;9;3;2022;2
20220912;2022-09-12;Monday;255;38;Sep;9;3;2022;2
20220913;2022-09-13;Tuesday;256;38;Sep;9;3;2022;2
20220914;2022-09-14;Wednesday;257;38;Sep;9;3;2022;2
20220915;2022-09-15;Thursday;258;38;Sep;9;3;2022;2
20220916;2022-09-16;Friday;259;38;Sep;9;3;2022;2
20220917;2022-09-17;Saturday;260;38;Sep;9;3;2022;2
20220918;2022-09-18;Sunday;261;39;Sep;9;3;2022;2
20220919;2022-09-19;Monday;262;39;Sep;9;3;2022;2
20220920;2022-09-20;Tuesday;263;39;Sep;9;3;2022;2
20220921;2022-09-21;Wednesday;264;39;Sep;9;3;2022;2
20220922;2022-09-22;Thursday;265;39;Sep;9;3;2022;2
20220923;2022-09-23;Friday;266;39;Sep;9;3;2022;2
20220924;2022-09-24;Saturday;267;39;Sep;9;3;2022;2
20220925;2022-09-25;Sunday;268;40;Sep;9;3;2022;2
20220926;2022-09-26;Monday;269;40;Sep;9;3;2022;2
20220927;2022-09-27;Tuesday;270;40;Sep;9;3;2022;2
20220928;2022-09-28;Wednesday;271;40;Sep;9;3;2022;2
20220929;2022-09-29;Thursday;272;40;Sep;9;3;2022;2
20220930;2022-09-30;Friday;273;40;Sep;9;3;2022;2
20221001;2022-10-01;Saturday;274;40;Oct;10;4;2022;2
20221002;2022-10-02;Sunday;275;41;Oct;10;4;2022;2
20221003;2022-10-03;Monday;276;41;Oct;10;4;2022;2
20221004;2022-10-04;Tuesday;277;41;Oct;10;4;2022;2
20221005;2022-10-05;Wednesday;278;41;Oct;10;4;2022;2
20221006;2022-10-06;Thursday;279;41;Oct;10;4;2022;2
20221007;2022-10-07;Friday;280;41;Oct;10;4;2022;2
20221008;2022-10-08;Saturday;281;41;Oct;10;4;2022;2
20221009;2022-10-09;Sunday;282;42;Oct;10;4;2022;2
20221010;2022-10-10;Monday;283;42;Oct;10;4;2022;2
20221011;2022-10-11;Tuesday;284;42;Oct;10;4;2022;2
20221012;2022-10-12;Wednesday;285;42;Oct;10;4;2022;2
20221013;2022-10-13;Thursday;286;42;Oct;10;4;2022;2
20221014;2022-10-14;Friday;287;42;Oct;10;4;2022;2
20221015;2022-10-15;Saturday;288;42;Oct;10;4;2022;2
20221016;2022-10-16;Sunday;289;43;Oct;10;4;2022;2
20221017;2022-10-17;Monday;290;43;Oct;10;4;2022;2
20221018;2022-10-18;Tuesday;291;43;Oct;10;4;2022;2
20221019;2022-10-19;Wednesday;292;43;Oct;10;4;2022;2
20221020;2022-10-20;Thursday;293;43;Oct;10;4;2022;2
20221021;2022-10-21;Friday;294;43;Oct;10;4;2022;2
20221022;2022-10-22;Saturday;295;43;Oct;10;4;2022;2
20221023;2022-10-23;Sunday;296;44;Oct;10;4;2022;2
20221024;2022-10-24;Monday;297;44;Oct;10;4;2022;2
20221025;2022-10-25;Tuesday;298;44;Oct;10;4;2022;2
20221026;2022-10-26;Wednesday;299;44;Oct;10;4;2022;2
20221027;2022-10-27;Thursday;300;44;Oct;10;4;2022;2
20221028;2022-10-28;Friday;301;44;Oct;10;4;2022;2
20221029;2022-10-29;Saturday;302;44;Oct;10;4;2022;2
20221030;2022-10-30;Sunday;303;45;Oct;10;4;2022;2
20221031;2022-10-31;Monday;304;45;Oct;10;4;2022;2
20221101;2022-11-01;Tuesday;305;45;Nov;11;4;2022;2
20221102;2022-11-02;Wednesday;306;45;Nov;11;4;2022;2
20221103;2022-11-03;Thursday;307;45;Nov;11;4;2022;2
20221104;2022-11-04;Friday;308;45;Nov;11;4;2022;2
20221105;2022-11-05;Saturday;309;45;Nov;11;4;2022;2
20221106;2022-11-06;Sunday;310;46;Nov;11;4;2022;2
20221107;2022-11-07;Monday;311;46;Nov;11;4;2022;2
20221108;2022-11-08;Tuesday;312;46;Nov;11;4;2022;2
20221109;2022-11-09;Wednesday;313;46;Nov;11;4;2022;2
20221110;2022-11-10;Thursday;314;46;Nov;11;4;2022;2
20221111;2022-11-11;Friday;315;46;Nov;11;4;2022;2
20221112;2022-11-12;Saturday;316;46;Nov;11;4;2022;2
20221113;2022-11-13;Sunday;317;47;Nov;11;4;2022;2
20221114;2022-11-14;Monday;318;47;Nov;11;4;2022;2
20221115;2022-11-15;Tuesday;319;47;Nov;11;4;2022;2
20221116;2022-11-16;Wednesday;320;47;Nov;11;4;2022;2
20221117;2022-11-17;Thursday;321;47;Nov;11;4;2022;2
20221118;2022-11-18;Friday;322;47;Nov;11;4;2022;2
20221119;2022-11-19;Saturday;323;47;Nov;11;4;2022;2
20221120;2022-11-20;Sunday;324;48;Nov;11;4;2022;2
20221121;2022-11-21;Monday;325;48;Nov;11;4;2022;2
20221122;2022-11-22;Tuesday;326;48;Nov;11;4;2022;2
20221123;2022-11-23;Wednesday;327;48;Nov;11;4;2022;2
20221124;2022-11-24;Thursday;328;48;Nov;11;4;2022;2
20221125;2022-11-25;Friday;329;48;Nov;11;4;2022;2
20221126;2022-11-26;Saturday;330;48;Nov;11;4;2022;2
20221127;2022-11-27;Sunday;331;49;Nov;11;4;2022;2
20221128;2022-11-28;Monday;332;49;Nov;11;4;2022;2
20221129;2022-11-29;Tuesday;333;49;Nov;11;4;2022;2
20221130;2022-11-30;Wednesday;334;49;Nov;11;4;2022;2
20221201;2022-12-01;Thursday;335;49;Dec;12;4;2022;2
20221202;2022-12-02;Friday;336;49;Dec;12;4;2022;2
20221203;2022-12-03;Saturday;337;49;Dec;12;4;2022;2
20221204;2022-12-04;Sunday;338;50;Dec;12;4;2022;2
20221205;2022-12-05;Monday;339;50;Dec;12;4;2022;2
20221206;2022-12-06;Tuesday;340;50;Dec;12;4;2022;2
20221207;2022-12-07;Wednesday;341;50;Dec;12;4;2022;2
20221208;2022-12-08;Thursday;342;50;Dec;12;4;2022;2
20221209;2022-12-09;Friday;343;50;Dec;12;4;2022;2
20221210;2022-12-10;Saturday;344;50;Dec;12;4;2022;2
20221211;2022-12-11;Sunday;345;51;Dec;12;4;2022;2
20221212;2022-12-12;Monday;346;51;Dec;12;4;2022;2
20221213;2022-12-13;Tuesday;347;51;Dec;12;4;2022;2
20221214;2022-12-14;Wednesday;348;51;Dec;12;4;2022;2
20221215;2022-12-15;Thursday;349;51;Dec;12;4;2022;2
20221216;2022-12-16;Friday;350;51;Dec;12;4;2022;2
20221217;2022-12-17;Saturday;351;51;Dec;12;4;2022;2
20221218;2022-12-18;Sunday;352;52;Dec;12;4;2022;2
20221219;2022-12-19;Monday;353;52;Dec;12;4;2022;2
20221220;2022-12-20;Tuesday;354;52;Dec;12;4;2022;2
20221221;2022-12-21;Wednesday;355;52;Dec;12;4;2022;2
20221222;2022-12-22;Thursday;356;52;Dec;12;4;2022;2
20221223;2022-12-23;Friday;357;52;Dec;12;4;2022;2
20221224;2022-12-24;Saturday;358;52;Dec;12;4;2022;2
20221225;2022-12-25;Sunday;359;53;Dec;12;4;2022;2
20221226;2022-12-26;Monday;360;53;Dec;12;4;2022;2
20221227;2022-12-27;Tuesday;361;53;Dec;12;4;2022;2
20221228;2022-12-28;Wednesday;362;53;Dec;12;4;2022;2
20221229;2022-12-29;Thursday;363;53;Dec;12;4;2022;2
20221230;2022-12-30;Friday;364;53;Dec;12;4;2022;2
20221231;2022-12-31;Saturday;365;53;Dec;12;4;2022;2
20230101;2023-01-01;Sunday;1;1;Jan;1;1;2023;1
20230102;2023-01-02;Monday;2;1;Jan;1;1;2023;1
20230103;2023-01-03;Tuesday;3;1;Jan;1;1;2023;1
20230104;2023-01-04;Wednesday;4;1;Jan;1;1;2023;1
20230105;2023-01-05;Thursday;5;1;Jan;1;1;2023;1
20230106;2023-01-06;Friday;6;1;Jan;1;1;2023;1
20230107;2023-01-07;Saturday;7;1;Jan;1;1;2023;1
20230108;2023-01-08;Sunday;8;2;Jan;1;1;2023;1
20230109;2023-01-09;Monday;9;2;Jan;1;1;2023;1
20230110;2023-01-10;Tuesday;10;2;Jan;1;1;2023;1
20230111;2023-01-11;Wednesday;11;2;Jan;1;1;2023;1
20230112;2023-01-12;Thursday;12;2;Jan;1;1;2023;1
20230113;2023-01-13;Friday;13;2;Jan;1;1;2023;1
20230114;2023-01-14;Saturday;14;2;Jan;1;1;2023;1
20230115;2023-01-15;Sunday;15;3;Jan;1;1;2023;1
20230116;2023-01-16;Monday;16;3;Jan;1;1;2023;1
20230117;2023-01-17;Tuesday;17;3;Jan;1;1;2023;1
20230118;2023-01-18;Wednesday;18;3;Jan;1;1;2023;1
20230119;2023-01-19;Thursday;19;3;Jan;1;1;2023;1
20230120;2023-01-20;Friday;20;3;Jan;1;1;2023;1
20230121;2023-01-21;Saturday;21;3;Jan;1;1;2023;1
20230122;2023-01-22;Sunday;22;4;Jan;1;1;2023;1
20230123;2023-01-23;Monday;23;4;Jan;1;1;2023;1
20230124;2023-01-24;Tuesday;24;4;Jan;1;1;2023;1
20230125;2023-01-25;Wednesday;25;4;Jan;1;1;2023;1
20230126;2023-01-26;Thursday;26;4;Jan;1;1;2023;1
20230127;2023-01-27;Friday;27;4;Jan;1;1;2023;1
20230128;2023-01-28;Saturday;28;4;Jan;1;1;2023;1
20230129;2023-01-29;Sunday;29;5;Jan;1;1;2023;1
20230130;2023-01-30;Monday;30;5;Jan;1;1;2023;1
20230131;2023-01-31;Tuesday;31;5;Jan;1;1;2023;1
20230201;2023-02-01;Wednesday;32;5;Feb;2;1;2023;1
20230202;2023-02-02;Thursday;33;5;Feb;2;1;2023;1
20230203;2023-02-03;Friday;34;5;Feb;2;1;2023;1
20230204;2023-02-04;Saturday;35;5;Feb;2;1;2023;1
20230205;2023-02-05;Sunday;36;6;Feb;2;1;2023;1
20230206;2023-02-06;Monday;37;6;Feb;2;1;2023;1
20230207;2023-02-07;Tuesday;38;6;Feb;2;1;2023;1
20230208;2023-02-08;Wednesday;39;6;Feb;2;1;2023;1
20230209;2023-02-09;Thursday;40;6;Feb;2;1;2023;1
20230210;2023-02-10;Friday;41;6;Feb;2;1;2023;1
20230211;2023-02-11;Saturday;42;6;Feb;2;1;2023;1
20230212;2023-02-12;Sunday;43;7;Feb;2;1;2023;1
20230213;2023-02-13;Monday;44;7;Feb;2;1;2023;1
20230214;2023-02-14;Tuesday;45;7;Feb;2;1;2023;1
20230215;2023-02-15;Wednesday;46;7;Feb;2;1;2023;1
20230216;2023-02-16;Thursday;47;7;Feb;2;1;2023;1
20230217;2023-02-17;Friday;48;7;Feb;2;1;2023;1
20230218;2023-02-18;Saturday;49;7;Feb;2;1;2023;1
20230219;2023-02-19;Sunday;50;8;Feb;2;1;2023;1
20230220;2023-02-20;Monday;51;8;Feb;2;1;2023;1
20230221;2023-02-21;Tuesday;52;8;Feb;2;1;2023;1
20230222;2023-02-22;Wednesday;53;8;Feb;2;1;2023;1
20230223;2023-02-23;Thursday;54;8;Feb;2;1;2023;1
20230224;2023-02-24;Friday;55;8;Feb;2;1;2023;1
20230225;2023-02-25;Saturday;56;8;Feb;2;1;2023;1
20230226;2023-02-26;Sunday;57;9;Feb;2;1;2023;1
20230227;2023-02-27;Monday;58;9;Feb;2;1;2023;1
20230228;2023-02-28;Tuesday;59;9;Feb;2;1;2023;1
20230301;2023-03-01;Wednesday;60;9;Mar;3;1;2023;1
20230302;2023-03-02;Thursday;61;9;Mar;3;1;2023;1
20230303;2023-03-03;Friday;62;9;Mar;3;1;2023;1
20230304;2023-03-04;Saturday;63;9;Mar;3;1;2023;1
20230305;2023-03-05;Sunday;64;10;Mar;3;1;2023;1
20230306;2023-03-06;Monday;65;10;Mar;3;1;2023;1
20230307;2023-03-07;Tuesday;66;10;Mar;3;1;2023;1
20230308;2023-03-08;Wednesday;67;10;Mar;3;1;2023;1
20230309;2023-03-09;Thursday;68;10;Mar;3;1;2023;1
20230310;2023-03-10;Friday;69;10;Mar;3;1;2023;1
20230311;2023-03-11;Saturday;70;10;Mar;3;1;2023;1
20230312;2023-03-12;Sunday;71;11;Mar;3;1;2023;1
20230313;2023-03-13;Monday;72;11;Mar;3;1;2023;1
20230314;2023-03-14;Tuesday;73;11;Mar;3;1;2023;1
20230315;2023-03-15;Wednesday;74;11;Mar;3;1;2023;1
20230316;2023-03-16;Thursday;75;11;Mar;3;1;2023;1
20230317;2023-03-17;Friday;76;11;Mar;3;1;2023;1
20230318;2023-03-18;Saturday;77;11;Mar;3;1;2023;1
20230319;2023-03-19;Sunday;78;12;Mar;3;1;2023;1
20230320;2023-03-20;Monday;79;12;Mar;3;1;2023;1
20230321;2023-03-21;Tuesday;80;12;Mar;3;1;2023;1
20230322;2023-03-22;Wednesday;81;12;Mar;3;1;2023;1
20230323;2023-03-23;Thursday;82;12;Mar;3;1;2023;1
20230324;2023-03-24;Friday;83;12;Mar;3;1;2023;1
20230325;2023-03-25;Saturday;84;12;Mar;3;1;2023;1
20230326;2023-03-26;Sunday;85;13;Mar;3;1;2023;1
20230327;2023-03-27;Monday;86;13;Mar;3;1;2023;1
20230328;2023-03-28;Tuesday;87;13;Mar;3;1;2023;1
20230329;2023-03-29;Wednesday;88;13;Mar;3;1;2023;1
20230330;2023-03-30;Thursday;89;13;Mar;3;1;2023;1
20230331;2023-03-31;Friday;90;13;Mar;3;1;2023;1
20230401;2023-04-01;Saturday;91;13;Apr;4;2;2023;1
20230402;2023-04-02;Sunday;92;14;Apr;4;2;2023;1
20230403;2023-04-03;Monday;93;14;Apr;4;2;2023;1
20230404;2023-04-04;Tuesday;94;14;Apr;4;2;2023;1
20230405;2023-04-05;Wednesday;95;14;Apr;4;2;2023;1
20230406;2023-04-06;Thursday;96;14;Apr;4;2;2023;1
20230407;2023-04-07;Friday;97;14;Apr;4;2;2023;1
20230408;2023-04-08;Saturday;98;14;Apr;4;2;2023;1
20230409;2023-04-09;Sunday;99;15;Apr;4;2;2023;1
20230410;2023-04-10;Monday;100;15;Apr;4;2;2023;1
20230411;2023-04-11;Tuesday;101;15;Apr;4;2;2023;1
20230412;2023-04-12;Wednesday;102;15;Apr;4;2;2023;1
20230413;2023-04-13;Thursday;103;15;Apr;4;2;2023;1
20230414;2023-04-14;Friday;104;15;Apr;4;2;2023;1
20230415;2023-04-15;Saturday;105;15;Apr;4;2;2023;1
20230416;2023-04-16;Sunday;106;16;Apr;4;2;2023;1
20230417;2023-04-17;Monday;107;16;Apr;4;2;2023;1
20230418;2023-04-18;Tuesday;108;16;Apr;4;2;2023;1
20230419;2023-04-19;Wednesday;109;16;Apr;4;2;2023;1
20230420;2023-04-20;Thursday;110;16;Apr;4;2;2023;1
20230421;2023-04-21;Friday;111;16;Apr;4;2;2023;1
20230422;2023-04-22;Saturday;112;16;Apr;4;2;2023;1
20230423;2023-04-23;Sunday;113;17;Apr;4;2;2023;1
20230424;2023-04-24;Monday;114;17;Apr;4;2;2023;1
20230425;2023-04-25;Tuesday;115;17;Apr;4;2;2023;1
20230426;2023-04-26;Wednesday;116;17;Apr;4;2;2023;1
20230427;2023-04-27;Thursday;117;17;Apr;4;2;2023;1
20230428;2023-04-28;Friday;118;17;Apr;4;2;2023;1
20230429;2023-04-29;Saturday;119;17;Apr;4;2;2023;1
20230430;2023-04-30;Sunday;120;18;Apr;4;2;2023;1
20230501;2023-05-01;Monday;121;18;May;5;2;2023;1
20230502;2023-05-02;Tuesday;122;18;May;5;2;2023;1
20230503;2023-05-03;Wednesday;123;18;May;5;2;2023;1
20230504;2023-05-04;Thursday;124;18;May;5;2;2023;1
20230505;2023-05-05;Friday;125;18;May;5;2;2023;1
20230506;2023-05-06;Saturday;126;18;May;5;2;2023;1
20230507;2023-05-07;Sunday;127;19;May;5;2;2023;1
20230508;2023-05-08;Monday;128;19;May;5;2;2023;1
20230509;2023-05-09;Tuesday;129;19;May;5;2;2023;1
20230510;2023-05-10;Wednesday;130;19;May;5;2;2023;1
20230511;2023-05-11;Thursday;131;19;May;5;2;2023;1
20230512;2023-05-12;Friday;132;19;May;5;2;2023;1
20230513;2023-05-13;Saturday;133;19;May;5;2;2023;1
20230514;2023-05-14;Sunday;134;20;May;5;2;2023;1
20230515;2023-05-15;Monday;135;20;May;5;2;2023;1
20230516;2023-05-16;Tuesday;136;20;May;5;2;2023;1
20230517;2023-05-17;Wednesday;137;20;May;5;2;2023;1
20230518;2023-05-18;Thursday;138;20;May;5;2;2023;1
20230519;2023-05-19;Friday;139;20;May;5;2;2023;1
20230520;2023-05-20;Saturday;140;20;May;5;2;2023;1
20230521;2023-05-21;Sunday;141;21;May;5;2;2023;1
20230522;2023-05-22;Monday;142;21;May;5;2;2023;1
20230523;2023-05-23;Tuesday;143;21;May;5;2;2023;1
20230524;2023-05-24;Wednesday;144;21;May;5;2;2023;1
20230525;2023-05-25;Thursday;145;21;May;5;2;2023;1
20230526;2023-05-26;Friday;146;21;May;5;2;2023;1
20230527;2023-05-27;Saturday;147;21;May;5;2;2023;1
20230528;2023-05-28;Sunday;148;22;May;5;2;2023;1
20230529;2023-05-29;Monday;149;22;May;5;2;2023;1
20230530;2023-05-30;Tuesday;150;22;May;5;2;2023;1
20230531;2023-05-31;Wednesday;151;22;May;5;2;2023;1
20230601;2023-06-01;Thursday;152;22;Jun;6;2;2023;1
20230602;2023-06-02;Friday;153;22;Jun;6;2;2023;1
20230603;2023-06-03;Saturday;154;22;Jun;6;2;2023;1
20230604;2023-06-04;Sunday;155;23;Jun;6;2;2023;1
20230605;2023-06-05;Monday;156;23;Jun;6;2;2023;1
20230606;2023-06-06;Tuesday;157;23;Jun;6;2;2023;1
20230607;2023-06-07;Wednesday;158;23;Jun;6;2;2023;1
20230608;2023-06-08;Thursday;159;23;Jun;6;2;2023;1
20230609;2023-06-09;Friday;160;23;Jun;6;2;2023;1
20230610;2023-06-10;Saturday;161;23;Jun;6;2;2023;1
20230611;2023-06-11;Sunday;162;24;Jun;6;2;2023;1
20230612;2023-06-12;Monday;163;24;Jun;6;2;2023;1
20230613;2023-06-13;Tuesday;164;24;Jun;6;2;2023;1
20230614;2023-06-14;Wednesday;165;24;Jun;6;2;2023;1
20230615;2023-06-15;Thursday;166;24;Jun;6;2;2023;1
20230616;2023-06-16;Friday;167;24;Jun;6;2;2023;1
20230617;2023-06-17;Saturday;168;24;Jun;6;2;2023;1
20230618;2023-06-18;Sunday;169;25;Jun;6;2;2023;1
20230619;2023-06-19;Monday;170;25;Jun;6;2;2023;1
20230620;2023-06-20;Tuesday;171;25;Jun;6;2;2023;1
20230621;2023-06-21;Wednesday;172;25;Jun;6;2;2023;1
20230622;2023-06-22;Thursday;173;25;Jun;6;2;2023;1
20230623;2023-06-23;Friday;174;25;Jun;6;2;2023;1
20230624;2023-06-24;Saturday;175;25;Jun;6;2;2023;1
20230625;2023-06-25;Sunday;176;26;Jun;6;2;2023;1
20230626;2023-06-26;Monday;177;26;Jun;6;2;2023;1
20230627;2023-06-27;Tuesday;178;26;Jun;6;2;2023;1
20230628;2023-06-28;Wednesday;179;26;Jun;6;2;2023;1
20230629;2023-06-29;Thursday;180;26;Jun;6;2;2023;1
20230630;2023-06-30;Friday;181;26;Jun;6;2;2023;1
20230701;2023-07-01;Saturday;182;26;Jul;7;3;2023;2
20230702;2023-07-02;Sunday;183;27;Jul;7;3;2023;2
20230703;2023-07-03;Monday;184;27;Jul;7;3;2023;2
20230704;2023-07-04;Tuesday;185;27;Jul;7;3;2023;2
20230705;2023-07-05;Wednesday;186;27;Jul;7;3;2023;2
20230706;2023-07-06;Thursday;187;27;Jul;7;3;2023;2
20230707;2023-07-07;Friday;188;27;Jul;7;3;2023;2
20230708;2023-07-08;Saturday;189;27;Jul;7;3;2023;2
20230709;2023-07-09;Sunday;190;28;Jul;7;3;2023;2
20230710;2023-07-10;Monday;191;28;Jul;7;3;2023;2
20230711;2023-07-11;Tuesday;192;28;Jul;7;3;2023;2
20230712;2023-07-12;Wednesday;193;28;Jul;7;3;2023;2
20230713;2023-07-13;Thursday;194;28;Jul;7;3;2023;2
20230714;2023-07-14;Friday;195;28;Jul;7;3;2023;2
20230715;2023-07-15;Saturday;196;28;Jul;7;3;2023;2
20230716;2023-07-16;Sunday;197;29;Jul;7;3;2023;2
20230717;2023-07-17;Monday;198;29;Jul;7;3;2023;2
20230718;2023-07-18;Tuesday;199;29;Jul;7;3;2023;2
20230719;2023-07-19;Wednesday;200;29;Jul;7;3;2023;2
20230720;2023-07-20;Thursday;201;29;Jul;7;3;2023;2
20230721;2023-07-21;Friday;202;29;Jul;7;3;2023;2
20230722;2023-07-22;Saturday;203;29;Jul;7;3;2023;2
20230723;2023-07-23;Sunday;204;30;Jul;7;3;2023;2
20230724;2023-07-24;Monday;205;30;Jul;7;3;2023;2
20230725;2023-07-25;Tuesday;206;30;Jul;7;3;2023;2
20230726;2023-07-26;Wednesday;207;30;Jul;7;3;2023;2
20230727;2023-07-27;Thursday;208;30;Jul;7;3;2023;2
20230728;2023-07-28;Friday;209;30;Jul;7;3;2023;2
20230729;2023-07-29;Saturday;210;30;Jul;7;3;2023;2
20230730;2023-07-30;Sunday;211;31;Jul;7;3;2023;2
20230731;2023-07-31;Monday;212;31;Jul;7;3;2023;2
20230801;2023-08-01;Tuesday;213;31;Aug;8;3;2023;2
20230802;2023-08-02;Wednesday;214;31;Aug;8;3;2023;2
20230803;2023-08-03;Thursday;215;31;Aug;8;3;2023;2
20230804;2023-08-04;Friday;216;31;Aug;8;3;2023;2
20230805;2023-08-05;Saturday;217;31;Aug;8;3;2023;2
20230806;2023-08-06;Sunday;218;32;Aug;8;3;2023;2
20230807;2023-08-07;Monday;219;32;Aug;8;3;2023;2
20230808;2023-08-08;Tuesday;220;32;Aug;8;3;2023;2
20230809;2023-08-09;Wednesday;221;32;Aug;8;3;2023;2
20230810;2023-08-10;Thursday;222;32;Aug;8;3;2023;2
20230811;2023-08-11;Friday;223;32;Aug;8;3;2023;2
20230812;2023-08-12;Saturday;224;32;Aug;8;3;2023;2
20230813;2023-08-13;Sunday;225;33;Aug;8;3;2023;2
20230814;2023-08-14;Monday;226;33;Aug;8;3;2023;2
20230815;2023-08-15;Tuesday;227;33;Aug;8;3;2023;2
20230816;2023-08-16;Wednesday;228;33;Aug;8;3;2023;2
20230817;2023-08-17;Thursday;229;33;Aug;8;3;2023;2
20230818;2023-08-18;Friday;230;33;Aug;8;3;2023;2
20230819;2023-08-19;Saturday;231;33;Aug;8;3;2023;2
20230820;2023-08-20;Sunday;232;34;Aug;8;3;2023;2
20230821;2023-08-21;Monday;233;34;Aug;8;3;2023;2
20230822;2023-08-22;Tuesday;234;34;Aug;8;3;2023;2
20230823;2023-08-23;Wednesday;235;34;Aug;8;3;2023;2
20230824;2023-08-24;Thursday;236;34;Aug;8;3;2023;2
20230825;2023-08-25;Friday;237;34;Aug;8;3;2023;2
20230826;2023-08-26;Saturday;238;34;Aug;8;3;2023;2
20230827;2023-08-27;Sunday;239;35;Aug;8;3;2023;2
20230828;2023-08-28;Monday;240;35;Aug;8;3;2023;2
20230829;2023-08-29;Tuesday;241;35;Aug;8;3;2023;2
20230830;2023-08-30;Wednesday;242;35;Aug;8;3;2023;2
20230831;2023-08-31;Thursday;243;35;Aug;8;3;2023;2
20230901;2023-09-01;Friday;244;35;Sep;9;3;2023;2
20230902;2023-09-02;Saturday;245;35;Sep;9;3;2023;2
20230903;2023-09-03;Sunday;246;36;Sep;9;3;2023;2
20230904;2023-09-04;Monday;247;36;Sep;9;3;2023;2
20230905;2023-09-05;Tuesday;248;36;Sep;9;3;2023;2
20230906;2023-09-06;Wednesday;249;36;Sep;9;3;2023;2
20230907;2023-09-07;Thursday;250;36;Sep;9;3;2023;2
20230908;2023-09-08;Friday;251;36;Sep;9;3;2023;2
20230909;2023-09-09;Saturday;252;36;Sep;9;3;2023;2
20230910;2023-09-10;Sunday;253;37;Sep;9;3;2023;2
20230911;2023-09-11;Monday;254;37;Sep;9;3;2023;2
20230912;2023-09-12;Tuesday;255;37;Sep;9;3;2023;2
20230913;2023-09-13;Wednesday;256;37;Sep;9;3;2023;2
20230914;2023-09-14;Thursday;257;37;Sep;9;3;2023;2
20230915;2023-09-15;Friday;258;37;Sep;9;3;2023;2
20230916;2023-09-16;Saturday;259;37;Sep;9;3;2023;2
20230917;2023-09-17;Sunday;260;38;Sep;9;3;2023;2
20230918;2023-09-18;Monday;261;38;Sep;9;3;2023;2
20230919;2023-09-19;Tuesday;262;38;Sep;9;3;2023;2
20230920;2023-09-20;Wednesday;263;38;Sep;9;3;2023;2
20230921;2023-09-21;Thursday;264;38;Sep;9;3;2023;2
20230922;2023-09-22;Friday;265;38;Sep;9;3;2023;2
20230923;2023-09-23;Saturday;266;38;Sep;9;3;2023;2
20230924;2023-09-24;Sunday;267;39;Sep;9;3;2023;2
20230925;2023-09-25;Monday;268;39;Sep;9;3;2023;2
20230926;2023-09-26;Tuesday;269;39;Sep;9;3;2023;2
20230927;2023-09-27;Wednesday;270;39;Sep;9;3;2023;2
20230928;2023-09-28;Thursday;271;39;Sep;9;3;2023;2
20230929;2023-09-29;Friday;272;39;Sep;9;3;2023;2
20230930;2023-09-30;Saturday;273;39;Sep;9;3;2023;2
20231001;2023-10-01;Sunday;274;40;Oct;10;4;2023;2
20231002;2023-10-02;Monday;275;40;Oct;10;4;2023;2
20231003;2023-10-03;Tuesday;276;40;Oct;10;4;2023;2
20231004;2023-10-04;Wednesday;277;40;Oct;10;4;2023;2
20231005;2023-10-05;Thursday;278;40;Oct;10;4;2023;2
20231006;2023-10-06;Friday;279;40;Oct;10;4;2023;2
20231007;2023-10-07;Saturday;280;40;Oct;10;4;2023;2
20231008;2023-10-08;Sunday;281;41;Oct;10;4;2023;2
20231009;2023-10-09;Monday;282;41;Oct;10;4;2023;2
20231010;2023-10-10;Tuesday;283;41;Oct;10;4;2023;2
20231011;2023-10-11;Wednesday;284;41;Oct;10;4;2023;2
20231012;2023-10-12;Thursday;285;41;Oct;10;4;2023;2
20231013;2023-10-13;Friday;286;41;Oct;10;4;2023;2
20231014;2023-10-14;Saturday;287;41;Oct;10;4;2023;2
20231015;2023-10-15;Sunday;288;42;Oct;10;4;2023;2
20231016;2023-10-16;Monday;289;42;Oct;10;4;2023;2
20231017;2023-10-17;Tuesday;290;42;Oct;10;4;2023;2
20231018;2023-10-18;Wednesday;291;42;Oct;10;4;2023;2
20231019;2023-10-19;Thursday;292;42;Oct;10;4;2023;2
20231020;2023-10-20;Friday;293;42;Oct;10;4;2023;2
20231021;2023-10-21;Saturday;294;42;Oct;10;4;2023;2
20231022;2023-10-22;Sunday;295;43;Oct;10;4;2023;2
20231023;2023-10-23;Monday;296;43;Oct;10;4;2023;2
20231024;2023-10-24;Tuesday;297;43;Oct;10;4;2023;2
20231025;2023-10-25;Wednesday;298;43;Oct;10;4;2023;2
20231026;2023-10-26;Thursday;299;43;Oct;10;4;2023;2
20231027;2023-10-27;Friday;300;43;Oct;10;4;2023;2
20231028;2023-10-28;Saturday;301;43;Oct;10;4;2023;2
20231029;2023-10-29;Sunday;302;44;Oct;10;4;2023;2
20231030;2023-10-30;Monday;303;44;Oct;10;4;2023;2
20231031;2023-10-31;Tuesday;304;44;Oct;10;4;2023;2
20231101;2023-11-01;Wednesday;305;44;Nov;11;4;2023;2
20231102;2023-11-02;Thursday;306;44;Nov;11;4;2023;2
20231103;2023-11-03;Friday;307;44;Nov;11;4;2023;2
20231104;2023-11-04;Saturday;308;44;Nov;11;4;2023;2
20231105;2023-11-05;Sunday;309;45;Nov;11;4;2023;2
20231106;2023-11-06;Monday;310;45;Nov;11;4;2023;2
20231107;2023-11-07;Tuesday;311;45;Nov;11;4;2023;2
20231108;2023-11-08;Wednesday;312;45;Nov;11;4;2023;2
20231109;2023-11-09;Thursday;313;45;Nov;11;4;2023;2
20231110;2023-11-10;Friday;314;45;Nov;11;4;2023;2
20231111;2023-11-11;Saturday;315;45;Nov;11;4;2023;2
20231112;2023-11-12;Sunday;316;46;Nov;11;4;2023;2
20231113;2023-11-13;Monday;317;46;Nov;11;4;2023;2
20231114;2023-11-14;Tuesday;318;46;Nov;11;4;2023;2
20231115;2023-11-15;Wednesday;319;46;Nov;11;4;2023;2
20231116;2023-11-16;Thursday;320;46;Nov;11;4;2023;2
20231117;2023-11-17;Friday;321;46;Nov;11;4;2023;2
20231118;2023-11-18;Saturday;322;46;Nov;11;4;2023;2
20231119;2023-11-19;Sunday;323;47;Nov;11;4;2023;2
20231120;2023-11-20;Monday;324;47;Nov;11;4;2023;2
20231121;2023-11-21;Tuesday;325;47;Nov;11;4;2023;2
20231122;2023-11-22;Wednesday;326;47;Nov;11;4;2023;2
20231123;2023-11-23;Thursday;327;47;Nov;11;4;2023;2
20231124;2023-11-24;Friday;328;47;Nov;11;4;2023;2
20231125;2023-11-25;Saturday;329;47;Nov;11;4;2023;2
20231126;2023-11-26;Sunday;330;48;Nov;11;4;2023;2
20231127;2023-11-27;Monday;331;48;Nov;11;4;2023;2
20231128;2023-11-28;Tuesday;332;48;Nov;11;4;2023;2
20231129;2023-11-29;Wednesday;333;48;Nov;11;4;2023;2
20231130;2023-11-30;Thursday;334;48;Nov;11;4;2023;2
20231201;2023-12-01;Friday;335;48;Dec;12;4;2023;2
20231202;2023-12-02;Saturday;336;48;Dec;12;4;2023;2
20231203;2023-12-03;Sunday;337;49;Dec;12;4;2023;2
20231204;2023-12-04;Monday;338;49;Dec;12;4;2023;2
20231205;2023-12-05;Tuesday;339;49;Dec;12;4;2023;2
20231206;2023-12-06;Wednesday;340;49;Dec;12;4;2023;2
20231207;2023-12-07;Thursday;341;49;Dec;12;4;2023;2
20231208;2023-12-08;Friday;342;49;Dec;12;4;2023;2
20231209;2023-12-09;Saturday;343;49;Dec;12;4;2023;2
20231210;2023-12-10;Sunday;344;50;Dec;12;4;2023;2
20231211;2023-12-11;Monday;345;50;Dec;12;4;2023;2
20231212;2023-12-12;Tuesday;346;50;Dec;12;4;2023;2
20231213;2023-12-13;Wednesday;347;50;Dec;12;4;2023;2
20231214;2023-12-14;Thursday;348;50;Dec;12;4;2023;2
20231215;2023-12-15;Friday;349;50;Dec;12;4;2023;2
20231216;2023-12-16;Saturday;350;50;Dec;12;4;2023;2
20231217;2023-12-17;Sunday;351;51;Dec;12;4;2023;2
20231218;2023-12-18;Monday;352;51;Dec;12;4;2023;2
20231219;2023-12-19;Tuesday;353;51;Dec;12;4;2023;2
20231220;2023-12-20;Wednesday;354;51;Dec;12;4;2023;2
20231221;2023-12-21;Thursday;355;51;Dec;12;4;2023;2
20231222;2023-12-22;Friday;356;51;Dec;12;4;2023;2
20231223;2023-12-23;Saturday;357;51;Dec;12;4;2023;2
20231224;2023-12-24;Sunday;358;52;Dec;12;4;2023;2
20231225;2023-12-25;Monday;359;52;Dec;12;4;2023;2
20231226;2023-12-26;Tuesday;360;52;Dec;12;4;2023;2
20231227;2023-12-27;Wednesday;361;52;Dec;12;4;2023;2
20231228;2023-12-28;Thursday;362;52;Dec;12;4;2023;2
20231229;2023-12-29;Friday;363;52;Dec;12;4;2023;2
20231230;2023-12-30;Saturday;364;52;Dec;12;4;2023;2
20231231;2023-12-31;Sunday;365;53;Dec;12;4;2023;2
20240101;2024-01-01;Monday;1;1;Jan;1;1;2024;1
20240102;2024-01-02;Tuesday;2;1;Jan;1;1;2024;1
20240103;2024-01-03;Wednesday;3;1;Jan;1;1;2024;1
20240104;2024-01-04;Thursday;4;1;Jan;1;1;2024;1
20240105;2024-01-05;Friday;5;1;Jan;1;1;2024;1
20240106;2024-01-06;Saturday;6;1;Jan;1;1;2024;1
20240107;2024-01-07;Sunday;7;2;Jan;1;1;2024;1
20240108;2024-01-08;Monday;8;2;Jan;1;1;2024;1
20240109;2024-01-09;Tuesday;9;2;Jan;1;1;2024;1
20240110;2024-01-10;Wednesday;10;2;Jan;1;1;2024;1
20240111;2024-01-11;Thursday;11;2;Jan;1;1;2024;1
20240112;2024-01-12;Friday;12;2;Jan;1;1;2024;1
20240113;2024-01-13;Saturday;13;2;Jan;1;1;2024;1
20240114;2024-01-14;Sunday;14;3;Jan;1;1;2024;1
20240115;2024-01-15;Monday;15;3;Jan;1;1;2024;1
20240116;2024-01-16;Tuesday;16;3;Jan;1;1;2024;1
20240117;2024-01-17;Wednesday;17;3;Jan;1;1;2024;1
20240118;2024-01-18;Thursday;18;3;Jan;1;1;2024;1
20240119;2024-01-19;Friday;19;3;Jan;1;1;2024;1
20240120;2024-01-20;Saturday;20;3;Jan;1;1;2024;1
20240121;2024-01-21;Sunday;21;4;Jan;1;1;2024;1
20240122;2024-01-22;Monday;22;4;Jan;1;1;2024;1
20240123;2024-01-23;Tuesday;23;4;Jan;1;1;2024;1
20240124;2024-01-24;Wednesday;24;4;Jan;1;1;2024;1
20240125;2024-01-25;Thursday;25;4;Jan;1;1;2024;1
20240126;2024-01-26;Friday;26;4;Jan;1;1;2024;1
20240127;2024-01-27;Saturday;27;4;Jan;1;1;2024;1
20240128;2024-01-28;Sunday;28;5;Jan;1;1;2024;1
20240129;2024-01-29;Monday;29;5;Jan;1;1;2024;1
20240130;2024-01-30;Tuesday;30;5;Jan;1;1;2024;1
20240131;2024-01-31;Wednesday;31;5;Jan;1;1;2024;1
20240201;2024-02-01;Thursday;32;5;Feb;2;1;2024;1
20240202;2024-02-02;Friday;33;5;Feb;2;1;2024;1
20240203;2024-02-03;Saturday;34;5;Feb;2;1;2024;1
20240204;2024-02-04;Sunday;35;6;Feb;2;1;2024;1
20240205;2024-02-05;Monday;36;6;Feb;2;1;2024;1
20240206;2024-02-06;Tuesday;37;6;Feb;2;1;2024;1
20240207;2024-02-07;Wednesday;38;6;Feb;2;1;2024;1
20240208;2024-02-08;Thursday;39;6;Feb;2;1;2024;1
20240209;2024-02-09;Friday;40;6;Feb;2;1;2024;1
20240210;2024-02-10;Saturday;41;6;Feb;2;1;2024;1
20240211;2024-02-11;Sunday;42;7;Feb;2;1;2024;1
20240212;2024-02-12;Monday;43;7;Feb;2;1;2024;1
20240213;2024-02-13;Tuesday;44;7;Feb;2;1;2024;1
20240214;2024-02-14;Wednesday;45;7;Feb;2;1;2024;1
20240215;2024-02-15;Thursday;46;7;Feb;2;1;2024;1
20240216;2024-02-16;Friday;47;7;Feb;2;1;2024;1
20240217;2024-02-17;Saturday;48;7;Feb;2;1;2024;1
20240218;2024-02-18;Sunday;49;8;Feb;2;1;2024;1
20240219;2024-02-19;Monday;50;8;Feb;2;1;2024;1
20240220;2024-02-20;Tuesday;51;8;Feb;2;1;2024;1
20240221;2024-02-21;Wednesday;52;8;Feb;2;1;2024;1
20240222;2024-02-22;Thursday;53;8;Feb;2;1;2024;1
20240223;2024-02-23;Friday;54;8;Feb;2;1;2024;1
20240224;2024-02-24;Saturday;55;8;Feb;2;1;2024;1
20240225;2024-02-25;Sunday;56;9;Feb;2;1;2024;1
20240226;2024-02-26;Monday;57;9;Feb;2;1;2024;1
20240227;2024-02-27;Tuesday;58;9;Feb;2;1;2024;1
20240228;2024-02-28;Wednesday;59;9;Feb;2;1;2024;1
20240229;2024-02-29;Thursday;60;9;Feb;2;1;2024;1
20240301;2024-03-01;Friday;61;9;Mar;3;1;2024;1
20240302;2024-03-02;Saturday;62;9;Mar;3;1;2024;1
20240303;2024-03-03;Sunday;63;10;Mar;3;1;2024;1
20240304;2024-03-04;Monday;64;10;Mar;3;1;2024;1
20240305;2024-03-05;Tuesday;65;10;Mar;3;1;2024;1
20240306;2024-03-06;Wednesday;66;10;Mar;3;1;2024;1
20240307;2024-03-07;Thursday;67;10;Mar;3;1;2024;1
20240308;2024-03-08;Friday;68;10;Mar;3;1;2024;1
20240309;2024-03-09;Saturday;69;10;Mar;3;1;2024;1
20240310;2024-03-10;Sunday;70;11;Mar;3;1;2024;1
20240311;2024-03-11;Monday;71;11;Mar;3;1;2024;1
20240312;2024-03-12;Tuesday;72;11;Mar;3;1;2024;1
20240313;2024-03-13;Wednesday;73;11;Mar;3;1;2024;1
20240314;2024-03-14;Thursday;74;11;Mar;3;1;2024;1
20240315;2024-03-15;Friday;75;11;Mar;3;1;2024;1
20240316;2024-03-16;Saturday;76;11;Mar;3;1;2024;1
20240317;2024-03-17;Sunday;77;12;Mar;3;1;2024;1
20240318;2024-03-18;Monday;78;12;Mar;3;1;2024;1
20240319;2024-03-19;Tuesday;79;12;Mar;3;1;2024;1
20240320;2024-03-20;Wednesday;80;12;Mar;3;1;2024;1
20240321;2024-03-21;Thursday;81;12;Mar;3;1;2024;1
20240322;2024-03-22;Friday;82;12;Mar;3;1;2024;1
20240323;2024-03-23;Saturday;83;12;Mar;3;1;2024;1
20240324;2024-03-24;Sunday;84;13;Mar;3;1;2024;1
20240325;2024-03-25;Monday;85;13;Mar;3;1;2024;1
20240326;2024-03-26;Tuesday;86;13;Mar;3;1;2024;1
20240327;2024-03-27;Wednesday;87;13;Mar;3;1;2024;1
20240328;2024-03-28;Thursday;88;13;Mar;3;1;2024;1
20240329;2024-03-29;Friday;89;13;Mar;3;1;2024;1
20240330;2024-03-30;Saturday;90;13;Mar;3;1;2024;1
20240331;2024-03-31;Sunday;91;14;Mar;3;1;2024;1
20240401;2024-04-01;Monday;92;14;Apr;4;2;2024;1
20240402;2024-04-02;Tuesday;93;14;Apr;4;2;2024;1
20240403;2024-04-03;Wednesday;94;14;Apr;4;2;2024;1
20240404;2024-04-04;Thursday;95;14;Apr;4;2;2024;1
20240405;2024-04-05;Friday;96;14;Apr;4;2;2024;1
20240406;2024-04-06;Saturday;97;14;Apr;4;2;2024;1
20240407;2024-04-07;Sunday;98;15;Apr;4;2;2024;1
20240408;2024-04-08;Monday;99;15;Apr;4;2;2024;1
20240409;2024-04-09;Tuesday;100;15;Apr;4;2;2024;1
20240410;2024-04-10;Wednesday;101;15;Apr;4;2;2024;1
20240411;2024-04-11;Thursday;102;15;Apr;4;2;2024;1
20240412;2024-04-12;Friday;103;15;Apr;4;2;2024;1
20240413;2024-04-13;Saturday;104;15;Apr;4;2;2024;1
20240414;2024-04-14;Sunday;105;16;Apr;4;2;2024;1
20240415;2024-04-15;Monday;106;16;Apr;4;2;2024;1
20240416;2024-04-16;Tuesday;107;16;Apr;4;2;2024;1
20240417;2024-04-17;Wednesday;108;16;Apr;4;2;2024;1
20240418;2024-04-18;Thursday;109;16;Apr;4;2;2024;1
20240419;2024-04-19;Friday;110;16;Apr;4;2;2024;1
20240420;2024-04-20;Saturday;111;16;Apr;4;2;2024;1
20240421;2024-04-21;Sunday;112;17;Apr;4;2;2024;1
20240422;2024-04-22;Monday;113;17;Apr;4;2;2024;1
20240423;2024-04-23;Tuesday;114;17;Apr;4;2;2024;1
20240424;2024-04-24;Wednesday;115;17;Apr;4;2;2024;1
20240425;2024-04-25;Thursday;116;17;Apr;4;2;2024;1
20240426;2024-04-26;Friday;117;17;Apr;4;2;2024;1
20240427;2024-04-27;Saturday;118;17;Apr;4;2;2024;1
20240428;2024-04-28;Sunday;119;18;Apr;4;2;2024;1
20240429;2024-04-29;Monday;120;18;Apr;4;2;2024;1
20240430;2024-04-30;Tuesday;121;18;Apr;4;2;2024;1
20240501;2024-05-01;Wednesday;122;18;May;5;2;2024;1
20240502;2024-05-02;Thursday;123;18;May;5;2;2024;1
20240503;2024-05-03;Friday;124;18;May;5;2;2024;1
20240504;2024-05-04;Saturday;125;18;May;5;2;2024;1
20240505;2024-05-05;Sunday;126;19;May;5;2;2024;1
20240506;2024-05-06;Monday;127;19;May;5;2;2024;1
20240507;2024-05-07;Tuesday;128;19;May;5;2;2024;1
20240508;2024-05-08;Wednesday;129;19;May;5;2;2024;1
20240509;2024-05-09;Thursday;130;19;May;5;2;2024;1
20240510;2024-05-10;Friday;131;19;May;5;2;2024;1
20240511;2024-05-11;Saturday;132;19;May;5;2;2024;1
20240512;2024-05-12;Sunday;133;20;May;5;2;2024;1
20240513;2024-05-13;Monday;134;20;May;5;2;2024;1
20240514;2024-05-14;Tuesday;135;20;May;5;2;2024;1
20240515;2024-05-15;Wednesday;136;20;May;5;2;2024;1
20240516;2024-05-16;Thursday;137;20;May;5;2;2024;1
20240517;2024-05-17;Friday;138;20;May;5;2;2024;1
20240518;2024-05-18;Saturday;139;20;May;5;2;2024;1
20240519;2024-05-19;Sunday;140;21;May;5;2;2024;1
20240520;2024-05-20;Monday;141;21;May;5;2;2024;1
20240521;2024-05-21;Tuesday;142;21;May;5;2;2024;1
20240522;2024-05-22;Wednesday;143;21;May;5;2;2024;1
20240523;2024-05-23;Thursday;144;21;May;5;2;2024;1
20240524;2024-05-24;Friday;145;21;May;5;2;2024;1
20240525;2024-05-25;Saturday;146;21;May;5;2;2024;1
20240526;2024-05-26;Sunday;147;22;May;5;2;2024;1
20240527;2024-05-27;Monday;148;22;May;5;2;2024;1
20240528;2024-05-28;Tuesday;149;22;May;5;2;2024;1
20240529;2024-05-29;Wednesday;150;22;May;5;2;2024;1
20240530;2024-05-30;Thursday;151;22;May;5;2;2024;1
20240531;2024-05-31;Friday;152;22;May;5;2;2024;1
20240601;2024-06-01;Saturday;153;22;Jun;6;2;2024;1
20240602;2024-06-02;Sunday;154;23;Jun;6;2;2024;1
20240603;2024-06-03;Monday;155;23;Jun;6;2;2024;1
20240604;2024-06-04;Tuesday;156;23;Jun;6;2;2024;1
20240605;2024-06-05;Wednesday;157;23;Jun;6;2;2024;1
20240606;2024-06-06;Thursday;158;23;Jun;6;2;2024;1
20240607;2024-06-07;Friday;159;23;Jun;6;2;2024;1
20240608;2024-06-08;Saturday;160;23;Jun;6;2;2024;1
20240609;2024-06-09;Sunday;161;24;Jun;6;2;2024;1
20240610;2024-06-10;Monday;162;24;Jun;6;2;2024;1
20240611;2024-06-11;Tuesday;163;24;Jun;6;2;2024;1
20240612;2024-06-12;Wednesday;164;24;Jun;6;2;2024;1
20240613;2024-06-13;Thursday;165;24;Jun;6;2;2024;1
20240614;2024-06-14;Friday;166;24;Jun;6;2;2024;1
20240615;2024-06-15;Saturday;167;24;Jun;6;2;2024;1
20240616;2024-06-16;Sunday;168;25;Jun;6;2;2024;1
20240617;2024-06-17;Monday;169;25;Jun;6;2;2024;1
20240618;2024-06-18;Tuesday;170;25;Jun;6;2;2024;1
20240619;2024-06-19;Wednesday;171;25;Jun;6;2;2024;1
20240620;2024-06-20;Thursday;172;25;Jun;6;2;2024;1
20240621;2024-06-21;Friday;173;25;Jun;6;2;2024;1
20240622;2024-06-22;Saturday;174;25;Jun;6;2;2024;1
20240623;2024-06-23;Sunday;175;26;Jun;6;2;2024;1
20240624;2024-06-24;Monday;176;26;Jun;6;2;2024;1
20240625;2024-06-25;Tuesday;177;26;Jun;6;2;2024;1
20240626;2024-06-26;Wednesday;178;26;Jun;6;2;2024;1
20240627;2024-06-27;Thursday;179;26;Jun;6;2;2024;1
20240628;2024-06-28;Friday;180;26;Jun;6;2;2024;1
20240629;2024-06-29;Saturday;181;26;Jun;6;2;2024;1
20240630;2024-06-30;Sunday;182;27;Jun;6;2;2024;1
20240701;2024-07-01;Monday;183;27;Jul;7;3;2024;2
20240702;2024-07-02;Tuesday;184;27;Jul;7;3;2024;2
20240703;2024-07-03;Wednesday;185;27;Jul;7;3;2024;2
20240704;2024-07-04;Thursday;186;27;Jul;7;3;2024;2
20240705;2024-07-05;Friday;187;27;Jul;7;3;2024;2
20240706;2024-07-06;Saturday;188;27;Jul;7;3;2024;2
20240707;2024-07-07;Sunday;189;28;Jul;7;3;2024;2
20240708;2024-07-08;Monday;190;28;Jul;7;3;2024;2
20240709;2024-07-09;Tuesday;191;28;Jul;7;3;2024;2
20240710;2024-07-10;Wednesday;192;28;Jul;7;3;2024;2
20240711;2024-07-11;Thursday;193;28;Jul;7;3;2024;2
20240712;2024-07-12;Friday;194;28;Jul;7;3;2024;2
20240713;2024-07-13;Saturday;195;28;Jul;7;3;2024;2
20240714;2024-07-14;Sunday;196;29;Jul;7;3;2024;2
20240715;2024-07-15;Monday;197;29;Jul;7;3;2024;2
20240716;2024-07-16;Tuesday;198;29;Jul;7;3;2024;2
20240717;2024-07-17;Wednesday;199;29;Jul;7;3;2024;2
20240718;2024-07-18;Thursday;200;29;Jul;7;3;2024;2
20240719;2024-07-19;Friday;201;29;Jul;7;3;2024;2
20240720;2024-07-20;Saturday;202;29;Jul;7;3;2024;2
20240721;2024-07-21;Sunday;203;30;Jul;7;3;2024;2
20240722;2024-07-22;Monday;204;30;Jul;7;3;2024;2
20240723;2024-07-23;Tuesday;205;30;Jul;7;3;2024;2
20240724;2024-07-24;Wednesday;206;30;Jul;7;3;2024;2
20240725;2024-07-25;Thursday;207;30;Jul;7;3;2024;2
20240726;2024-07-26;Friday;208;30;Jul;7;3;2024;2
20240727;2024-07-27;Saturday;209;30;Jul;7;3;2024;2
20240728;2024-07-28;Sunday;210;31;Jul;7;3;2024;2
20240729;2024-07-29;Monday;211;31;Jul;7;3;2024;2
20240730;2024-07-30;Tuesday;212;31;Jul;7;3;2024;2
20240731;2024-07-31;Wednesday;213;31;Jul;7;3;2024;2
20240801;2024-08-01;Thursday;214;31;Aug;8;3;2024;2
20240802;2024-08-02;Friday;215;31;Aug;8;3;2024;2
20240803;2024-08-03;Saturday;216;31;Aug;8;3;2024;2
20240804;2024-08-04;Sunday;217;32;Aug;8;3;2024;2
20240805;2024-08-05;Monday;218;32;Aug;8;3;2024;2
20240806;2024-08-06;Tuesday;219;32;Aug;8;3;2024;2
20240807;2024-08-07;Wednesday;220;32;Aug;8;3;2024;2
20240808;2024-08-08;Thursday;221;32;Aug;8;3;2024;2
20240809;2024-08-09;Friday;222;32;Aug;8;3;2024;2
20240810;2024-08-10;Saturday;223;32;Aug;8;3;2024;2
20240811;2024-08-11;Sunday;224;33;Aug;8;3;2024;2
20240812;2024-08-12;Monday;225;33;Aug;8;3;2024;2
20240813;2024-08-13;Tuesday;226;33;Aug;8;3;2024;2
20240814;2024-08-14;Wednesday;227;33;Aug;8;3;2024;2
20240815;2024-08-15;Thursday;228;33;Aug;8;3;2024;2
20240816;2024-08-16;Friday;229;33;Aug;8;3;2024;2
20240817;2024-08-17;Saturday;230;33;Aug;8;3;2024;2
20240818;2024-08-18;Sunday;231;34;Aug;8;3;2024;2
20240819;2024-08-19;Monday;232;34;Aug;8;3;2024;2
20240820;2024-08-20;Tuesday;233;34;Aug;8;3;2024;2
20240821;2024-08-21;Wednesday;234;34;Aug;8;3;2024;2
20240822;2024-08-22;Thursday;235;34;Aug;8;3;2024;2
20240823;2024-08-23;Friday;236;34;Aug;8;3;2024;2
20240824;2024-08-24;Saturday;237;34;Aug;8;3;2024;2
20240825;2024-08-25;Sunday;238;35;Aug;8;3;2024;2
20240826;2024-08-26;Monday;239;35;Aug;8;3;2024;2
20240827;2024-08-27;Tuesday;240;35;Aug;8;3;2024;2
20240828;2024-08-28;Wednesday;241;35;Aug;8;3;2024;2
20240829;2024-08-29;Thursday;242;35;Aug;8;3;2024;2
20240830;2024-08-30;Friday;243;35;Aug;8;3;2024;2
20240831;2024-08-31;Saturday;244;35;Aug;8;3;2024;2
20240901;2024-09-01;Sunday;245;36;Sep;9;3;2024;2
20240902;2024-09-02;Monday;246;36;Sep;9;3;2024;2
20240903;2024-09-03;Tuesday;247;36;Sep;9;3;2024;2
20240904;2024-09-04;Wednesday;248;36;Sep;9;3;2024;2
20240905;2024-09-05;Thursday;249;36;Sep;9;3;2024;2
20240906;2024-09-06;Friday;250;36;Sep;9;3;2024;2
20240907;2024-09-07;Saturday;251;36;Sep;9;3;2024;2
20240908;2024-09-08;Sunday;252;37;Sep;9;3;2024;2
20240909;2024-09-09;Monday;253;37;Sep;9;3;2024;2
20240910;2024-09-10;Tuesday;254;37;Sep;9;3;2024;2
20240911;2024-09-11;Wednesday;255;37;Sep;9;3;2024;2
20240912;2024-09-12;Thursday;256;37;Sep;9;3;2024;2
20240913;2024-09-13;Friday;257;37;Sep;9;3;2024;2
20240914;2024-09-14;Saturday;258;37;Sep;9;3;2024;2
20240915;2024-09-15;Sunday;259;38;Sep;9;3;2024;2
20240916;2024-09-16;Monday;260;38;Sep;9;3;2024;2
20240917;2024-09-17;Tuesday;261;38;Sep;9;3;2024;2
20240918;2024-09-18;Wednesday;262;38;Sep;9;3;2024;2
20240919;2024-09-19;Thursday;263;38;Sep;9;3;2024;2
20240920;2024-09-20;Friday;264;38;Sep;9;3;2024;2
20240921;2024-09-21;Saturday;265;38;Sep;9;3;2024;2
20240922;2024-09-22;Sunday;266;39;Sep;9;3;2024;2
20240923;2024-09-23;Monday;267;39;Sep;9;3;2024;2
20240924;2024-09-24;Tuesday;268;39;Sep;9;3;2024;2
20240925;2024-09-25;Wednesday;269;39;Sep;9;3;2024;2
20240926;2024-09-26;Thursday;270;39;Sep;9;3;2024;2
20240927;2024-09-27;Friday;271;39;Sep;9;3;2024;2
20240928;2024-09-28;Saturday;272;39;Sep;9;3;2024;2
20240929;2024-09-29;Sunday;273;40;Sep;9;3;2024;2
20240930;2024-09-30;Monday;274;40;Sep;9;3;2024;2
20241001;2024-10-01;Tuesday;275;40;Oct;10;4;2024;2
20241002;2024-10-02;Wednesday;276;40;Oct;10;4;2024;2
20241003;2024-10-03;Thursday;277;40;Oct;10;4;2024;2
20241004;2024-10-04;Friday;278;40;Oct;10;4;2024;2
20241005;2024-10-05;Saturday;279;40;Oct;10;4;2024;2
20241006;2024-10-06;Sunday;280;41;Oct;10;4;2024;2
20241007;2024-10-07;Monday;281;41;Oct;10;4;2024;2
20241008;2024-10-08;Tuesday;282;41;Oct;10;4;2024;2
20241009;2024-10-09;Wednesday;283;41;Oct;10;4;2024;2
20241010;2024-10-10;Thursday;284;41;Oct;10;4;2024;2
20241011;2024-10-11;Friday;285;41;Oct;10;4;2024;2
20241012;2024-10-12;Saturday;286;41;Oct;10;4;2024;2
20241013;2024-10-13;Sunday;287;42;Oct;10;4;2024;2
20241014;2024-10-14;Monday;288;42;Oct;10;4;2024;2
20241015;2024-10-15;Tuesday;289;42;Oct;10;4;2024;2
20241016;2024-10-16;Wednesday;290;42;Oct;10;4;2024;2
20241017;2024-10-17;Thursday;291;42;Oct;10;4;2024;2
20241018;2024-10-18;Friday;292;42;Oct;10;4;2024;2
20241019;2024-10-19;Saturday;293;42;Oct;10;4;2024;2
20241020;2024-10-20;Sunday;294;43;Oct;10;4;2024;2
20241021;2024-10-21;Monday;295;43;Oct;10;4;2024;2
20241022;2024-10-22;Tuesday;296;43;Oct;10;4;2024;2
20241023;2024-10-23;Wednesday;297;43;Oct;10;4;2024;2
20241024;2024-10-24;Thursday;298;43;Oct;10;4;2024;2
20241025;2024-10-25;Friday;299;43;Oct;10;4;2024;2
20241026;2024-10-26;Saturday;300;43;Oct;10;4;2024;2
20241027;2024-10-27;Sunday;301;44;Oct;10;4;2024;2
20241028;2024-10-28;Monday;302;44;Oct;10;4;2024;2
20241029;2024-10-29;Tuesday;303;44;Oct;10;4;2024;2
20241030;2024-10-30;Wednesday;304;44;Oct;10;4;2024;2
20241031;2024-10-31;Thursday;305;44;Oct;10;4;2024;2
20241101;2024-11-01;Friday;306;44;Nov;11;4;2024;2
20241102;2024-11-02;Saturday;307;44;Nov;11;4;2024;2
20241103;2024-11-03;Sunday;308;45;Nov;11;4;2024;2
20241104;2024-11-04;Monday;309;45;Nov;11;4;2024;2
20241105;2024-11-05;Tuesday;310;45;Nov;11;4;2024;2
20241106;2024-11-06;Wednesday;311;45;Nov;11;4;2024;2
20241107;2024-11-07;Thursday;312;45;Nov;11;4;2024;2
20241108;2024-11-08;Friday;313;45;Nov;11;4;2024;2
20241109;2024-11-09;Saturday;314;45;Nov;11;4;2024;2
20241110;2024-11-10;Sunday;315;46;Nov;11;4;2024;2
20241111;2024-11-11;Monday;316;46;Nov;11;4;2024;2
20241112;2024-11-12;Tuesday;317;46;Nov;11;4;2024;2
20241113;2024-11-13;Wednesday;318;46;Nov;11;4;2024;2
20241114;2024-11-14;Thursday;319;46;Nov;11;4;2024;2
20241115;2024-11-15;Friday;320;46;Nov;11;4;2024;2
20241116;2024-11-16;Saturday;321;46;Nov;11;4;2024;2
20241117;2024-11-17;Sunday;322;47;Nov;11;4;2024;2
20241118;2024-11-18;Monday;323;47;Nov;11;4;2024;2
20241119;2024-11-19;Tuesday;324;47;Nov;11;4;2024;2
20241120;2024-11-20;Wednesday;325;47;Nov;11;4;2024;2
20241121;2024-11-21;Thursday;326;47;Nov;11;4;2024;2
20241122;2024-11-22;Friday;327;47;Nov;11;4;2024;2
20241123;2024-11-23;Saturday;328;47;Nov;11;4;2024;2
20241124;2024-11-24;Sunday;329;48;Nov;11;4;2024;2
20241125;2024-11-25;Monday;330;48;Nov;11;4;2024;2
20241126;2024-11-26;Tuesday;331;48;Nov;11;4;2024;2
20241127;2024-11-27;Wednesday;332;48;Nov;11;4;2024;2
20241128;2024-11-28;Thursday;333;48;Nov;11;4;2024;2
20241129;2024-11-29;Friday;334;48;Nov;11;4;2024;2
20241130;2024-11-30;Saturday;335;48;Nov;11;4;2024;2
20241201;2024-12-01;Sunday;336;49;Dec;12;4;2024;2
20241202;2024-12-02;Monday;337;49;Dec;12;4;2024;2
20241203;2024-12-03;Tuesday;338;49;Dec;12;4;2024;2
20241204;2024-12-04;Wednesday;339;49;Dec;12;4;2024;2
20241205;2024-12-05;Thursday;340;49;Dec;12;4;2024;2
20241206;2024-12-06;Friday;341;49;Dec;12;4;2024;2
20241207;2024-12-07;Saturday;342;49;Dec;12;4;2024;2
20241208;2024-12-08;Sunday;343;50;Dec;12;4;2024;2
20241209;2024-12-09;Monday;344;50;Dec;12;4;2024;2
20241210;2024-12-10;Tuesday;345;50;Dec;12;4;2024;2
20241211;2024-12-11;Wednesday;346;50;Dec;12;4;2024;2
20241212;2024-12-12;Thursday;347;50;Dec;12;4;2024;2
20241213;2024-12-13;Friday;348;50;Dec;12;4;2024;2
20241214;2024-12-14;Saturday;349;50;Dec;12;4;2024;2
20241215;2024-12-15;Sunday;350;51;Dec;12;4;2024;2
20241216;2024-12-16;Monday;351;51;Dec;12;4;2024;2
20241217;2024-12-17;Tuesday;352;51;Dec;12;4;2024;2
20241218;2024-12-18;Wednesday;353;51;Dec;12;4;2024;2
20241219;2024-12-19;Thursday;354;51;Dec;12;4;2024;2
20241220;2024-12-20;Friday;355;51;Dec;12;4;2024;2
20241221;2024-12-21;Saturday;356;51;Dec;12;4;2024;2
20241222;2024-12-22;Sunday;357;52;Dec;12;4;2024;2
20241223;2024-12-23;Monday;358;52;Dec;12;4;2024;2
20241224;2024-12-24;Tuesday;359;52;Dec;12;4;2024;2
20241225;2024-12-25;Wednesday;360;52;Dec;12;4;2024;2
20241226;2024-12-26;Thursday;361;52;Dec;12;4;2024;2
20241227;2024-12-27;Friday;362;52;Dec;12;4;2024;2
20241228;2024-12-28;Saturday;363;52;Dec;12;4;2024;2
20241229;2024-12-29;Sunday;364;53;Dec;12;4;2024;2
20241230;2024-12-30;Monday;365;53;Dec;12;4;2024;2
20241231;2024-12-31;Tuesday;366;53;Dec;12;4;2024;2
